model_name,accuracy,precision,recall,f1_score,auc_roc,log_loss,test_size,train_size
Decision Tree,0.9863636363636363,0.9868055555555556,0.9863636363636363,0.9863152866630287,0.9950504458621119,0.342952963224358,440,1760
